-- ============================================================
-- SITS Seed Data - Realistic multi-warehouse inventory scenario
-- ============================================================

-- ============================================================
-- 1. Warehouses (5 across China)
-- ============================================================
INSERT INTO warehouse (id, warehouse_code, warehouse_name, region, province, city, address, capacity, priority, status) VALUES
(1, 'WH-001', '北京大兴仓', '华北', '北京', '北京', '北京市大兴区亦庄经济开发区荣华南路11号', 50000, 90, 1),
(2, 'WH-002', '上海青浦仓', '华东', '上海', '上海', '上海市青浦区华新镇华志路666号', 60000, 95, 1),
(3, 'WH-003', '广州白云仓', '华南', '广东', '广州', '广州市白云区太和镇谢家庄村八社工业区', 45000, 85, 1),
(4, 'WH-004', '成都双流仓', '西南', '四川', '成都', '成都市双流区西航港大道中四段88号', 35000, 70, 1),
(5, 'WH-005', '武汉黄陂仓', '华中', '湖北', '武汉', '武汉市黄陂区横店街临空南路9号', 40000, 75, 1);

-- ============================================================
-- 2. SKUs (8 Apple products)
-- ============================================================
INSERT INTO sku (id, sku_code, sku_name, category_id, brand, unit, cost_price, sale_price, weight, volume, status) VALUES
(1, 'SKU-001', 'iPhone 15 Pro Max 256GB', 1, 'Apple', '台', 8899.00, 9999.00, 0.22, 0.0012, 1),
(2, 'SKU-002', 'iPhone 15 Pro 128GB', 1, 'Apple', '台', 7399.00, 7999.00, 0.19, 0.0010, 1),
(3, 'SKU-003', 'MacBook Pro 14 M3 Pro', 2, 'Apple', '台', 14999.00, 16999.00, 1.60, 0.0055, 1),
(4, 'SKU-004', 'iPad Air M2 11 128GB', 3, 'Apple', '台', 4599.00, 5499.00, 0.46, 0.0020, 1),
(5, 'SKU-005', 'Apple Watch Ultra 2', 4, 'Apple', '块', 5699.00, 6499.00, 0.06, 0.0005, 1),
(6, 'SKU-006', 'AirPods Pro 2nd Gen', 5, 'Apple', '副', 1599.00, 1899.00, 0.05, 0.0003, 1),
(7, 'SKU-007', 'HomePod 2nd Gen', 6, 'Apple', '台', 2299.00, 2799.00, 2.30, 0.0070, 1),
(8, 'SKU-008', 'Apple TV 4K 128GB', 7, 'Apple', '台', 1299.00, 1499.00, 0.21, 0.0011, 1);

-- ============================================================
-- 3. Warehouse Inventory
--    Designed for risk scenarios:
--    SKU-001: Shortage in Shanghai(2), Surplus in Chengdu(4)
--    SKU-002: Shortage in Beijing(1), Surplus in Wuhan(5)
--    SKU-003: Shortage in Guangzhou(3), Surplus in Shanghai(2)
--    SKU-004: Balanced across all warehouses
--    SKU-005: Overstock everywhere (slow seller)
--    SKU-006: Shortage in Wuhan(5), OK elsewhere
--    SKU-007: Low stock everywhere (niche product)
--    SKU-008: Overstock (low demand)
-- ============================================================
INSERT INTO warehouse_inventory (id, sku_id, warehouse_id, available_stock, locked_stock, in_transit_stock, safety_stock, max_stock, version) VALUES
-- SKU-001 (iPhone 15 Pro Max)
(1,  1, 1, 450, 0, 0, 150, 1500, 0),
(2,  1, 2, 75,  0, 0, 200, 2000, 0),
(3,  1, 3, 350, 0, 0, 150, 1500, 0),
(4,  1, 4, 1200,0, 0, 100, 1000, 0),
(5,  1, 5, 300, 0, 0, 100, 1200, 0),
-- SKU-002 (iPhone 15 Pro)
(6,  2, 1, 70,  0, 0, 150, 1500, 0),
(7,  2, 2, 500, 0, 0, 150, 1500, 0),
(8,  2, 3, 250, 0, 0, 120, 1300, 0),
(9,  2, 4, 300, 0, 0, 100, 1000, 0),
(10, 2, 5, 850, 0, 0, 100, 1000, 0),
-- SKU-003 (MacBook Pro)
(11, 3, 1, 120, 0, 0, 30, 300, 0),
(12, 3, 2, 400, 0, 0, 30, 300, 0),
(13, 3, 3, 10,  0, 0, 30, 300, 0),
(14, 3, 4, 100, 0, 0, 25, 250, 0),
(15, 3, 5, 80,  0, 0, 25, 250, 0),
-- SKU-004 (iPad Air M2)
(16, 4, 1, 300, 0, 0, 80,  800, 0),
(17, 4, 2, 350, 0, 0, 80,  800, 0),
(18, 4, 3, 280, 0, 0, 80,  800, 0),
(19, 4, 4, 200, 0, 0, 60,  600, 0),
(20, 4, 5, 250, 0, 0, 60,  600, 0),
-- SKU-005 (Apple Watch Ultra 2) - overstock
(21, 5, 1, 280, 0, 0, 20, 200, 0),
(22, 5, 2, 350, 0, 0, 20, 200, 0),
(23, 5, 3, 220, 0, 0, 20, 200, 0),
(24, 5, 4, 180, 0, 0, 15, 150, 0),
(25, 5, 5, 200, 0, 0, 15, 150, 0),
-- SKU-006 (AirPods Pro)
(26, 6, 1, 600, 0, 0, 150, 1500, 0),
(27, 6, 2, 800, 0, 0, 150, 1500, 0),
(28, 6, 3, 500, 0, 0, 120, 1200, 0),
(29, 6, 4, 350, 0, 0, 100, 1000, 0),
(30, 6, 5, 40,  0, 0, 100, 1000, 0),
-- SKU-007 (HomePod) - niche
(31, 7, 1, 25, 0, 0, 10, 100, 0),
(32, 7, 2, 35, 0, 0, 10, 100, 0),
(33, 7, 3, 8,  0, 0, 10, 100, 0),
(34, 7, 4, 15, 0, 0, 8,  80,  0),
(35, 7, 5, 5,  0, 0, 8,  80,  0),
-- SKU-008 (Apple TV)
(36, 8, 1, 200, 0, 0, 20, 200, 0),
(37, 8, 2, 250, 0, 0, 20, 200, 0),
(38, 8, 3, 180, 0, 0, 15, 150, 0),
(39, 8, 4, 120, 0, 0, 10, 120, 0),
(40, 8, 5, 150, 0, 0, 12, 120, 0);

-- ============================================================
-- 4. Sales Stat Daily (30 days: 2026-05-16 to 2026-06-14)
-- ============================================================

-- SKU-001 Beijing WH-001 (~15/day)
INSERT INTO sales_stat_daily (id, sku_id, warehouse_id, stat_date, sales_quantity, sales_amount) VALUES
(1,  1, 1, '2026-05-16', 12, 119988.00),
(2,  1, 1, '2026-05-17', 18, 179982.00),
(3,  1, 1, '2026-05-18', 14, 139986.00),
(4,  1, 1, '2026-05-19', 16, 159984.00),
(5,  1, 1, '2026-05-20', 20, 199980.00),
(6,  1, 1, '2026-05-21', 15, 149985.00),
(7,  1, 1, '2026-05-22', 13, 129987.00),
(8,  1, 1, '2026-05-23', 17, 169983.00),
(9,  1, 1, '2026-05-24', 11, 109989.00),
(10, 1, 1, '2026-05-25', 14, 139986.00),
(11, 1, 1, '2026-05-26', 16, 159984.00),
(12, 1, 1, '2026-05-27', 19, 189981.00),
(13, 1, 1, '2026-05-28', 15, 149985.00),
(14, 1, 1, '2026-05-29', 18, 179982.00),
(15, 1, 1, '2026-05-30', 22, 219978.00),
(16, 1, 1, '2026-05-31', 14, 139986.00),
(17, 1, 1, '2026-06-01', 13, 129987.00),
(18, 1, 1, '2026-06-02', 17, 169983.00),
(19, 1, 1, '2026-06-03', 15, 149985.00),
(20, 1, 1, '2026-06-04', 19, 189981.00),
(21, 1, 1, '2026-06-05', 21, 209979.00),
(22, 1, 1, '2026-06-06', 16, 159984.00),
(23, 1, 1, '2026-06-07', 14, 139986.00),
(24, 1, 1, '2026-06-08', 18, 179982.00),
(25, 1, 1, '2026-06-09', 13, 129987.00),
(26, 1, 1, '2026-06-10', 20, 199980.00),
(27, 1, 1, '2026-06-11', 17, 169983.00),
(28, 1, 1, '2026-06-12', 15, 149985.00),
(29, 1, 1, '2026-06-13', 16, 159984.00),
(30, 1, 1, '2026-06-14', 12, 119988.00);

-- SKU-001 Shanghai WH-002 (~20/day - high demand causes shortage)
INSERT INTO sales_stat_daily (id, sku_id, warehouse_id, stat_date, sales_quantity, sales_amount) VALUES
(31, 1, 2, '2026-05-16', 18, 179982.00),
(32, 1, 2, '2026-05-17', 22, 219978.00),
(33, 1, 2, '2026-05-18', 15, 149985.00),
(34, 1, 2, '2026-05-19', 20, 199980.00),
(35, 1, 2, '2026-05-20', 25, 249975.00),
(36, 1, 2, '2026-05-21', 19, 189981.00),
(37, 1, 2, '2026-05-22', 17, 169983.00),
(38, 1, 2, '2026-05-23', 23, 229977.00),
(39, 1, 2, '2026-05-24', 14, 139986.00),
(40, 1, 2, '2026-05-25', 21, 209979.00),
(41, 1, 2, '2026-05-26', 18, 179982.00),
(42, 1, 2, '2026-05-27', 24, 239976.00),
(43, 1, 2, '2026-05-28', 20, 199980.00),
(44, 1, 2, '2026-05-29', 26, 259974.00),
(45, 1, 2, '2026-05-30', 28, 279972.00),
(46, 1, 2, '2026-05-31', 19, 189981.00),
(47, 1, 2, '2026-06-01', 16, 159984.00),
(48, 1, 2, '2026-06-02', 22, 219978.00),
(49, 1, 2, '2026-06-03', 20, 199980.00),
(50, 1, 2, '2026-06-04', 25, 249975.00),
(51, 1, 2, '2026-06-05', 27, 269973.00),
(52, 1, 2, '2026-06-06', 21, 209979.00),
(53, 1, 2, '2026-06-07', 18, 179982.00),
(54, 1, 2, '2026-06-08', 23, 229977.00),
(55, 1, 2, '2026-06-09', 17, 169983.00),
(56, 1, 2, '2026-06-10', 24, 239976.00),
(57, 1, 2, '2026-06-11', 20, 199980.00),
(58, 1, 2, '2026-06-12', 22, 219978.00),
(59, 1, 2, '2026-06-13', 19, 189981.00),
(60, 1, 2, '2026-06-14', 15, 149985.00);

-- SKU-002 Beijing WH-001 (~12/day - shortage)
INSERT INTO sales_stat_daily (id, sku_id, warehouse_id, stat_date, sales_quantity, sales_amount) VALUES
(61, 2, 1, '2026-05-16', 10, 79990.00),
(62, 2, 1, '2026-05-17', 14, 111986.00),
(63, 2, 1, '2026-05-18', 12, 95988.00),
(64, 2, 1, '2026-05-19', 15, 119985.00),
(65, 2, 1, '2026-05-20', 13, 103987.00),
(66, 2, 1, '2026-05-21', 11, 87989.00),
(67, 2, 1, '2026-05-22', 16, 127984.00),
(68, 2, 1, '2026-05-23', 14, 111986.00),
(69, 2, 1, '2026-05-24', 10, 79990.00),
(70, 2, 1, '2026-05-25', 12, 95988.00),
(71, 2, 1, '2026-05-26', 15, 119985.00),
(72, 2, 1, '2026-05-27', 13, 103987.00),
(73, 2, 1, '2026-05-28', 18, 143982.00),
(74, 2, 1, '2026-05-29', 11, 87989.00),
(75, 2, 1, '2026-05-30', 14, 111986.00),
(76, 2, 1, '2026-05-31', 12, 95988.00),
(77, 2, 1, '2026-06-01', 10, 79990.00),
(78, 2, 1, '2026-06-02', 16, 127984.00),
(79, 2, 1, '2026-06-03', 14, 111986.00),
(80, 2, 1, '2026-06-04', 13, 103987.00),
(81, 2, 1, '2026-06-05', 17, 135983.00),
(82, 2, 1, '2026-06-06', 11, 87989.00),
(83, 2, 1, '2026-06-07', 15, 119985.00),
(84, 2, 1, '2026-06-08', 12, 95988.00),
(85, 2, 1, '2026-06-09', 14, 111986.00),
(86, 2, 1, '2026-06-10', 10, 79990.00),
(87, 2, 1, '2026-06-11', 16, 127984.00),
(88, 2, 1, '2026-06-12', 13, 103987.00),
(89, 2, 1, '2026-06-13', 11, 87989.00),
(90, 2, 1, '2026-06-14', 9,  71991.00);

-- SKU-003 Guangzhou WH-003 (~5/day - critical shortage)
INSERT INTO sales_stat_daily (id, sku_id, warehouse_id, stat_date, sales_quantity, sales_amount) VALUES
(91,  3, 3, '2026-05-16', 4, 67996.00),
(92,  3, 3, '2026-05-17', 6, 101994.00),
(93,  3, 3, '2026-05-18', 5, 84995.00),
(94,  3, 3, '2026-05-19', 3, 50997.00),
(95,  3, 3, '2026-05-20', 7, 118993.00),
(96,  3, 3, '2026-05-21', 5, 84995.00),
(97,  3, 3, '2026-05-22', 4, 67996.00),
(98,  3, 3, '2026-05-23', 6, 101994.00),
(99,  3, 3, '2026-05-24', 5, 84995.00),
(100, 3, 3, '2026-05-25', 8, 135992.00),
(101, 3, 3, '2026-05-26', 4, 67996.00),
(102, 3, 3, '2026-05-27', 5, 84995.00),
(103, 3, 3, '2026-05-28', 7, 118993.00),
(104, 3, 3, '2026-05-29', 3, 50997.00),
(105, 3, 3, '2026-05-30', 6, 101994.00),
(106, 3, 3, '2026-05-31', 5, 84995.00),
(107, 3, 3, '2026-06-01', 4, 67996.00),
(108, 3, 3, '2026-06-02', 6, 101994.00),
(109, 3, 3, '2026-06-03', 5, 84995.00),
(110, 3, 3, '2026-06-04', 7, 118993.00),
(111, 3, 3, '2026-06-05', 4, 67996.00),
(112, 3, 3, '2026-06-06', 3, 50997.00),
(113, 3, 3, '2026-06-07', 6, 101994.00),
(114, 3, 3, '2026-06-08', 5, 84995.00),
(115, 3, 3, '2026-06-09', 8, 135992.00),
(116, 3, 3, '2026-06-10', 4, 67996.00),
(117, 3, 3, '2026-06-11', 5, 84995.00),
(118, 3, 3, '2026-06-12', 6, 101994.00),
(119, 3, 3, '2026-06-13', 7, 118993.00),
(120, 3, 3, '2026-06-14', 3, 50997.00);

-- SKU-006 Wuhan WH-005 (~20/day - critical shortage)
INSERT INTO sales_stat_daily (id, sku_id, warehouse_id, stat_date, sales_quantity, sales_amount) VALUES
(121, 6, 5, '2026-05-16', 19, 36081.00),
(122, 6, 5, '2026-05-17', 22, 41778.00),
(123, 6, 5, '2026-05-18', 18, 34182.00),
(124, 6, 5, '2026-05-19', 21, 39879.00),
(125, 6, 5, '2026-05-20', 25, 47475.00),
(126, 6, 5, '2026-05-21', 20, 37980.00),
(127, 6, 5, '2026-05-22', 17, 32283.00),
(128, 6, 5, '2026-05-23', 23, 43677.00),
(129, 6, 5, '2026-05-24', 16, 30384.00),
(130, 6, 5, '2026-05-25', 24, 45576.00),
(131, 6, 5, '2026-05-26', 21, 39879.00),
(132, 6, 5, '2026-05-27', 19, 36081.00),
(133, 6, 5, '2026-05-28', 26, 49374.00),
(134, 6, 5, '2026-05-29', 18, 34182.00),
(135, 6, 5, '2026-05-30', 22, 41778.00),
(136, 6, 5, '2026-05-31', 17, 32283.00),
(137, 6, 5, '2026-06-01', 20, 37980.00),
(138, 6, 5, '2026-06-02', 23, 43677.00),
(139, 6, 5, '2026-06-03', 19, 36081.00),
(140, 6, 5, '2026-06-04', 25, 47475.00),
(141, 6, 5, '2026-06-05', 28, 53172.00),
(142, 6, 5, '2026-06-06', 21, 39879.00),
(143, 6, 5, '2026-06-07', 18, 34182.00),
(144, 6, 5, '2026-06-08', 24, 45576.00),
(145, 6, 5, '2026-06-09', 20, 37980.00),
(146, 6, 5, '2026-06-10', 22, 41778.00),
(147, 6, 5, '2026-06-11', 19, 36081.00),
(148, 6, 5, '2026-06-12', 26, 49374.00),
(149, 6, 5, '2026-06-13', 17, 32283.00),
(150, 6, 5, '2026-06-14', 15, 28485.00);

-- SKU-005 Apple Watch (slow seller ~3/day) - sample points
INSERT INTO sales_stat_daily (id, sku_id, warehouse_id, stat_date, sales_quantity, sales_amount) VALUES
(151, 5, 1, '2026-05-16', 3, 19497.00),
(152, 5, 1, '2026-05-20', 2, 12998.00),
(153, 5, 1, '2026-05-25', 4, 25996.00),
(154, 5, 1, '2026-05-30', 3, 19497.00),
(155, 5, 1, '2026-06-04', 2, 12998.00),
(156, 5, 1, '2026-06-09', 3, 19497.00),
(157, 5, 2, '2026-05-16', 4, 25996.00),
(158, 5, 2, '2026-05-22', 3, 19497.00),
(159, 5, 2, '2026-05-28', 5, 32495.00),
(160, 5, 2, '2026-06-03', 3, 19497.00),
(161, 5, 2, '2026-06-09', 4, 25996.00),
(162, 5, 3, '2026-05-18', 2, 12998.00),
(163, 5, 3, '2026-05-24', 3, 19497.00),
(164, 5, 3, '2026-05-30', 2, 12998.00),
(165, 5, 3, '2026-06-05', 4, 25996.00),
(166, 5, 3, '2026-06-10', 3, 19497.00),
(167, 5, 4, '2026-05-17', 1, 6499.00),
(168, 5, 4, '2026-05-26', 2, 12998.00),
(169, 5, 4, '2026-06-02', 3, 19497.00),
(170, 5, 4, '2026-06-08', 2, 12998.00),
(171, 5, 5, '2026-05-19', 2, 12998.00),
(172, 5, 5, '2026-05-27', 3, 19497.00),
(173, 5, 5, '2026-06-03', 2, 12998.00),
(174, 5, 5, '2026-06-09', 3, 19497.00);

-- SKU-004 iPad Air, SKU-007 HomePod, SKU-008 Apple TV (sample)
INSERT INTO sales_stat_daily (id, sku_id, warehouse_id, stat_date, sales_quantity, sales_amount) VALUES
(175, 4, 1, '2026-05-16', 8, 43992.00),
(176, 4, 1, '2026-05-23', 10, 54990.00),
(177, 4, 1, '2026-05-30', 9, 49491.00),
(178, 4, 1, '2026-06-06', 11, 60489.00),
(179, 4, 2, '2026-05-17', 12, 65988.00),
(180, 4, 2, '2026-05-24', 11, 60489.00),
(181, 4, 2, '2026-05-31', 10, 54990.00),
(182, 4, 2, '2026-06-07', 13, 71487.00),
(183, 7, 1, '2026-05-18', 2, 5598.00),
(184, 7, 1, '2026-05-28', 3, 8397.00),
(185, 7, 1, '2026-06-05', 2, 5598.00),
(186, 7, 2, '2026-05-20', 3, 8397.00),
(187, 7, 2, '2026-05-30', 2, 5598.00),
(188, 7, 2, '2026-06-10', 3, 8397.00),
(189, 8, 1, '2026-05-19', 3, 4497.00),
(190, 8, 1, '2026-05-26', 2, 2998.00),
(191, 8, 1, '2026-06-02', 4, 5996.00),
(192, 8, 1, '2026-06-09', 3, 4497.00),
(193, 8, 2, '2026-05-21', 3, 4497.00),
(194, 8, 2, '2026-05-28', 4, 5996.00),
(195, 8, 2, '2026-06-04', 2, 2998.00),
(196, 8, 2, '2026-06-11', 3, 4497.00);

-- ============================================================
-- 5. Inventory Flow (historical stock movements)
-- ============================================================
INSERT INTO inventory_flow (id, flow_no, sku_id, warehouse_id, biz_type, biz_no, change_type, before_available, change_quantity, after_available, operator) VALUES
(1, 'FLW-20260601001', 1, 1, 'PURCHASE', 'PO-20260601-001', 'PURCHASE_IN', 300, 150, 450, 'admin'),
(2, 'FLW-20260603001', 1, 1, 'SALES', 'SO-20260603-001', 'SALES_OUT', 465, -15, 450, 'system'),
(3, 'FLW-20260605001', 1, 2, 'SALES', 'SO-20260605-001', 'SALES_OUT', 100, -25, 75, 'system'),
(4, 'FLW-20260520001', 3, 3, 'PURCHASE', 'PO-20260520-001', 'PURCHASE_IN', 30, 50, 80, 'admin'),
(5, 'FLW-20260601002', 3, 3, 'SALES', 'SO-20260601-001', 'SALES_OUT', 80, -5, 75, 'system'),
(6, 'FLW-20260605002', 3, 3, 'SALES', 'SO-20260605-002', 'SALES_OUT', 75, -6, 69, 'system'),
(7, 'FLW-20260610001', 3, 3, 'SALES', 'SO-20260610-001', 'SALES_OUT', 69, -4, 65, 'system');
